{
  "project_info": {
    "project_number": "43610609430",
    "project_id": "pulsera-inteligente-617cb",
    "storage_bucket": "pulsera-inteligente-617cb.firebasestorage.app"
  },
  "client": [
    {
      "client_info": {
        "mobilesdk_app_id": "1:43610609430:android:fb7ce7735e75c3c9442237",
        "android_client_info": {
          "package_name": "com.example.pulserainteligente"
        }
      },
      "oauth_client": [],
      "api_key": [
        {
          "current_key": "AIzaSyDLZCYFGVJa67Rp6gCyZwgAgHjVsRraP1Q"
        }
      ],
      "services": {
        "appinvite_service": {
          "other_platform_oauth_client": []
        }
      }
    }
  ],
  "configuration_version": "1"
}